{"cameraMode":{"drawMode":0,"name":"Shaded","section":"Shading Mode"},"sceneLighting":false,"audioPlay":false,"sceneViewState":{"showFog":true,"showMaterialUpdate":false,"showSkybox":false,"showFlares":true,"showImageEffects":true,"showParticleSystems":true},"in2DMode":false,"pivot":{"x":-0.08838832378387451,"y":0.5,"z":2.9802322387695315e-8},"rotation":{"x":-0.215823233127594,"y":0.048895079642534259,"z":-0.010819723829627037,"w":-0.9751573204994202},"size":2.5516836643218996,"orthographic":false}